Corner,cr018gpii_v1d0.scs,cr018gpii_v1d0.scs,cr018gpii_v1d0.scs,cr018gpii_v1d0.scs,cr018gpii_v1d0.scs,cr018gpii_v1d0.scs,cr018gpii_v1d0.scs,cr018gpii_v1d0.scs,cr018gpii_v1d0.scs,cr018gpii_v1d0.scs,cr018gpii_v1d0.scs,cr018gpii_v1d0.scs,cr018gpii_v1d0.scs,cr018gpii_v1d0.scs,cr018gpii_v1d0.scs,cr018gpii_v1d0.scs,cr018gpii_v1d0.scs,cr018gpii_v1d0.scs,cr018gpii_v1d0.scs,cr018gpii_v1d0.scs,cr018gpii_v1d0.scs,cr018gpii_v1d0.scs,cr018gpii_v1d0.scs,cr018gpii_v1d0.scs,cr018gpii_v1d0.scs,cr018gpii_v1d0.scs,cr018gpii_v1d0.scs,cr018gpii_v1d0.scs,cr018gpii_v1d0.scs,cr018gpii_v1d0.scs,cr018gpii_v1d0.scs,cr018gpii_v1d0.scs,cr018gpii_v1d0.scs,temperature,vcontrol,vdd,Pass/Fail,Frequency
C0_101,ss,ff_mim,nom,nom,nom,nom,nom,nom,nom,nom,nom,nom,ss_res,nom,nom,nom,nom,nom,nom,nom,nom,nom,nom,stat_noise,nom,nom,nom,nom,nom,nom,nom,nom,nom,80,1.8,1.78,,1.183e9
C0_137,ss,ss_mim,nom,nom,nom,nom,nom,nom,nom,nom,nom,nom,ss_res,nom,nom,nom,nom,nom,nom,nom,nom,nom,nom,stat_noise,nom,nom,nom,nom,nom,nom,nom,nom,nom,80,1.8,1.78,,1.183e9
C0_104,ss,ff_mim,nom,nom,nom,nom,nom,nom,nom,nom,nom,nom,ss_res,nom,nom,nom,nom,nom,nom,nom,nom,nom,nom,stat_noise,nom,nom,nom,nom,nom,nom,nom,nom,nom,80,1.8,1.8,,1.199e9
C0_140,ss,ss_mim,nom,nom,nom,nom,nom,nom,nom,nom,nom,nom,ss_res,nom,nom,nom,nom,nom,nom,nom,nom,nom,nom,stat_noise,nom,nom,nom,nom,nom,nom,nom,nom,nom,80,1.8,1.8,,1.199e9
C0_107,ss,ff_mim,nom,nom,nom,nom,nom,nom,nom,nom,nom,nom,ss_res,nom,nom,nom,nom,nom,nom,nom,nom,nom,nom,stat_noise,nom,nom,nom,nom,nom,nom,nom,nom,nom,80,1.8,1.82,,1.214e9
C0_143,ss,ss_mim,nom,nom,nom,nom,nom,nom,nom,nom,nom,nom,ss_res,nom,nom,nom,nom,nom,nom,nom,nom,nom,nom,stat_noise,nom,nom,nom,nom,nom,nom,nom,nom,nom,80,1.8,1.82,,1.214e9
C0_29,ss,ff_mim,nom,nom,nom,nom,nom,nom,nom,nom,nom,nom,ff_res,nom,nom,nom,nom,nom,nom,nom,nom,nom,nom,stat_noise,nom,nom,nom,nom,nom,nom,nom,nom,nom,80,1.8,1.78,,1.216e9
C0_65,ss,ss_mim,nom,nom,nom,nom,nom,nom,nom,nom,nom,nom,ff_res,nom,nom,nom,nom,nom,nom,nom,nom,nom,nom,stat_noise,nom,nom,nom,nom,nom,nom,nom,nom,nom,80,1.8,1.78,,1.216e9
nom,tt_rfres_sa,tt_rfmvar,tt_rfmim,tt_res,tt_bip,tt_bip3,tt_dio3,tt_3v,tt_na,tt_dio,tt_dio_m,tt_rfind,tt_rtmom,tt_dio_3m,tt_bbmvar,tt_rfres_hri,tt_3vna,tt_dio_dnw,tt_3m,tt_rfjvar,tt_rfmos,tt_rfsbd,tt_rfmvar_33,tt_disres,tt_rfmos33,tt_rffmom,stat_noise,tt,tt_rfesd,tt_mim,tt_fmom,tt_rfres_rpo,tt_m,27,1,1.8,,1.223e9
C0_32,ss,ff_mim,nom,nom,nom,nom,nom,nom,nom,nom,nom,nom,ff_res,nom,nom,nom,nom,nom,nom,nom,nom,nom,nom,stat_noise,nom,nom,nom,nom,nom,nom,nom,nom,nom,80,1.8,1.8,,1.233e9
C0_68,ss,ss_mim,nom,nom,nom,nom,nom,nom,nom,nom,nom,nom,ff_res,nom,nom,nom,nom,nom,nom,nom,nom,nom,nom,stat_noise,nom,nom,nom,nom,nom,nom,nom,nom,nom,80,1.8,1.8,,1.233e9
C0_35,ss,ff_mim,nom,nom,nom,nom,nom,nom,nom,nom,nom,nom,ff_res,nom,nom,nom,nom,nom,nom,nom,nom,nom,nom,stat_noise,nom,nom,nom,nom,nom,nom,nom,nom,nom,80,1.8,1.82,,1.249e9
C0_71,ss,ss_mim,nom,nom,nom,nom,nom,nom,nom,nom,nom,nom,ff_res,nom,nom,nom,nom,nom,nom,nom,nom,nom,nom,stat_noise,nom,nom,nom,nom,nom,nom,nom,nom,nom,80,1.8,1.82,,1.249e9
C0_100,ss,ff_mim,nom,nom,nom,nom,nom,nom,nom,nom,nom,nom,ss_res,nom,nom,nom,nom,nom,nom,nom,nom,nom,nom,stat_noise,nom,nom,nom,nom,nom,nom,nom,nom,nom,25,1.8,1.78,,1.265e9
C0_136,ss,ss_mim,nom,nom,nom,nom,nom,nom,nom,nom,nom,nom,ss_res,nom,nom,nom,nom,nom,nom,nom,nom,nom,nom,stat_noise,nom,nom,nom,nom,nom,nom,nom,nom,nom,25,1.8,1.78,,1.265e9
C0_103,ss,ff_mim,nom,nom,nom,nom,nom,nom,nom,nom,nom,nom,ss_res,nom,nom,nom,nom,nom,nom,nom,nom,nom,nom,stat_noise,nom,nom,nom,nom,nom,nom,nom,nom,nom,25,1.8,1.8,,1.282e9
C0_139,ss,ss_mim,nom,nom,nom,nom,nom,nom,nom,nom,nom,nom,ss_res,nom,nom,nom,nom,nom,nom,nom,nom,nom,nom,stat_noise,nom,nom,nom,nom,nom,nom,nom,nom,nom,25,1.8,1.8,,1.282e9
C0_106,ss,ff_mim,nom,nom,nom,nom,nom,nom,nom,nom,nom,nom,ss_res,nom,nom,nom,nom,nom,nom,nom,nom,nom,nom,stat_noise,nom,nom,nom,nom,nom,nom,nom,nom,nom,25,1.8,1.82,,1.299e9
C0_142,ss,ss_mim,nom,nom,nom,nom,nom,nom,nom,nom,nom,nom,ss_res,nom,nom,nom,nom,nom,nom,nom,nom,nom,nom,stat_noise,nom,nom,nom,nom,nom,nom,nom,nom,nom,25,1.8,1.82,,1.299e9
C0_99,ss,ff_mim,nom,nom,nom,nom,nom,nom,nom,nom,nom,nom,ss_res,nom,nom,nom,nom,nom,nom,nom,nom,nom,nom,stat_noise,nom,nom,nom,nom,nom,nom,nom,nom,nom,0,1.8,1.78,,1.302e9
C0_135,ss,ss_mim,nom,nom,nom,nom,nom,nom,nom,nom,nom,nom,ss_res,nom,nom,nom,nom,nom,nom,nom,nom,nom,nom,stat_noise,nom,nom,nom,nom,nom,nom,nom,nom,nom,0,1.8,1.78,,1.302e9
C0_28,ss,ff_mim,nom,nom,nom,nom,nom,nom,nom,nom,nom,nom,ff_res,nom,nom,nom,nom,nom,nom,nom,nom,nom,nom,stat_noise,nom,nom,nom,nom,nom,nom,nom,nom,nom,25,1.8,1.78,,1.309e9
C0_64,ss,ss_mim,nom,nom,nom,nom,nom,nom,nom,nom,nom,nom,ff_res,nom,nom,nom,nom,nom,nom,nom,nom,nom,nom,stat_noise,nom,nom,nom,nom,nom,nom,nom,nom,nom,25,1.8,1.78,,1.309e9
C0_102,ss,ff_mim,nom,nom,nom,nom,nom,nom,nom,nom,nom,nom,ss_res,nom,nom,nom,nom,nom,nom,nom,nom,nom,nom,stat_noise,nom,nom,nom,nom,nom,nom,nom,nom,nom,0,1.8,1.8,,1.32e9
C0_138,ss,ss_mim,nom,nom,nom,nom,nom,nom,nom,nom,nom,nom,ss_res,nom,nom,nom,nom,nom,nom,nom,nom,nom,nom,stat_noise,nom,nom,nom,nom,nom,nom,nom,nom,nom,0,1.8,1.8,,1.32e9
C0_31,ss,ff_mim,nom,nom,nom,nom,nom,nom,nom,nom,nom,nom,ff_res,nom,nom,nom,nom,nom,nom,nom,nom,nom,nom,stat_noise,nom,nom,nom,nom,nom,nom,nom,nom,nom,25,1.8,1.8,,1.327e9
C0_67,ss,ss_mim,nom,nom,nom,nom,nom,nom,nom,nom,nom,nom,ff_res,nom,nom,nom,nom,nom,nom,nom,nom,nom,nom,stat_noise,nom,nom,nom,nom,nom,nom,nom,nom,nom,25,1.8,1.8,,1.327e9
C0_105,ss,ff_mim,nom,nom,nom,nom,nom,nom,nom,nom,nom,nom,ss_res,nom,nom,nom,nom,nom,nom,nom,nom,nom,nom,stat_noise,nom,nom,nom,nom,nom,nom,nom,nom,nom,0,1.8,1.82,,1.337e9
C0_141,ss,ss_mim,nom,nom,nom,nom,nom,nom,nom,nom,nom,nom,ss_res,nom,nom,nom,nom,nom,nom,nom,nom,nom,nom,stat_noise,nom,nom,nom,nom,nom,nom,nom,nom,nom,0,1.8,1.82,,1.337e9
C0_34,ss,ff_mim,nom,nom,nom,nom,nom,nom,nom,nom,nom,nom,ff_res,nom,nom,nom,nom,nom,nom,nom,nom,nom,nom,stat_noise,nom,nom,nom,nom,nom,nom,nom,nom,nom,25,1.8,1.82,,1.346e9
C0_70,ss,ss_mim,nom,nom,nom,nom,nom,nom,nom,nom,nom,nom,ff_res,nom,nom,nom,nom,nom,nom,nom,nom,nom,nom,stat_noise,nom,nom,nom,nom,nom,nom,nom,nom,nom,25,1.8,1.82,,1.346e9
C0_27,ss,ff_mim,nom,nom,nom,nom,nom,nom,nom,nom,nom,nom,ff_res,nom,nom,nom,nom,nom,nom,nom,nom,nom,nom,stat_noise,nom,nom,nom,nom,nom,nom,nom,nom,nom,0,1.8,1.78,,1.355e9
C0_63,ss,ss_mim,nom,nom,nom,nom,nom,nom,nom,nom,nom,nom,ff_res,nom,nom,nom,nom,nom,nom,nom,nom,nom,nom,stat_noise,nom,nom,nom,nom,nom,nom,nom,nom,nom,0,1.8,1.78,,1.355e9
C0_30,ss,ff_mim,nom,nom,nom,nom,nom,nom,nom,nom,nom,nom,ff_res,nom,nom,nom,nom,nom,nom,nom,nom,nom,nom,stat_noise,nom,nom,nom,nom,nom,nom,nom,nom,nom,0,1.8,1.8,,1.374e9
C0_66,ss,ss_mim,nom,nom,nom,nom,nom,nom,nom,nom,nom,nom,ff_res,nom,nom,nom,nom,nom,nom,nom,nom,nom,nom,stat_noise,nom,nom,nom,nom,nom,nom,nom,nom,nom,0,1.8,1.8,,1.374e9
C0_33,ss,ff_mim,nom,nom,nom,nom,nom,nom,nom,nom,nom,nom,ff_res,nom,nom,nom,nom,nom,nom,nom,nom,nom,nom,stat_noise,nom,nom,nom,nom,nom,nom,nom,nom,nom,0,1.8,1.82,,1.393e9
C0_69,ss,ss_mim,nom,nom,nom,nom,nom,nom,nom,nom,nom,nom,ff_res,nom,nom,nom,nom,nom,nom,nom,nom,nom,nom,stat_noise,nom,nom,nom,nom,nom,nom,nom,nom,nom,0,1.8,1.82,,1.393e9
C0_92,sf,ff_mim,nom,nom,nom,nom,nom,nom,nom,nom,nom,nom,ss_res,nom,nom,nom,nom,nom,nom,nom,nom,nom,nom,stat_noise,nom,nom,nom,nom,nom,nom,nom,nom,nom,80,1.8,1.78,,1.394e9
C0_128,sf,ss_mim,nom,nom,nom,nom,nom,nom,nom,nom,nom,nom,ss_res,nom,nom,nom,nom,nom,nom,nom,nom,nom,nom,stat_noise,nom,nom,nom,nom,nom,nom,nom,nom,nom,80,1.8,1.78,,1.394e9
C0_95,sf,ff_mim,nom,nom,nom,nom,nom,nom,nom,nom,nom,nom,ss_res,nom,nom,nom,nom,nom,nom,nom,nom,nom,nom,stat_noise,nom,nom,nom,nom,nom,nom,nom,nom,nom,80,1.8,1.8,,1.406e9
C0_131,sf,ss_mim,nom,nom,nom,nom,nom,nom,nom,nom,nom,nom,ss_res,nom,nom,nom,nom,nom,nom,nom,nom,nom,nom,stat_noise,nom,nom,nom,nom,nom,nom,nom,nom,nom,80,1.8,1.8,,1.406e9
C0_83,fs,ff_mim,nom,nom,nom,nom,nom,nom,nom,nom,nom,nom,ss_res,nom,nom,nom,nom,nom,nom,nom,nom,nom,nom,stat_noise,nom,nom,nom,nom,nom,nom,nom,nom,nom,80,1.8,1.78,,1.41e9
C0_119,fs,ss_mim,nom,nom,nom,nom,nom,nom,nom,nom,nom,nom,ss_res,nom,nom,nom,nom,nom,nom,nom,nom,nom,nom,stat_noise,nom,nom,nom,nom,nom,nom,nom,nom,nom,80,1.8,1.78,,1.41e9
C0_98,sf,ff_mim,nom,nom,nom,nom,nom,nom,nom,nom,nom,nom,ss_res,nom,nom,nom,nom,nom,nom,nom,nom,nom,nom,stat_noise,nom,nom,nom,nom,nom,nom,nom,nom,nom,80,1.8,1.82,,1.417e9
C0_134,sf,ss_mim,nom,nom,nom,nom,nom,nom,nom,nom,nom,nom,ss_res,nom,nom,nom,nom,nom,nom,nom,nom,nom,nom,stat_noise,nom,nom,nom,nom,nom,nom,nom,nom,nom,80,1.8,1.82,,1.417e9
C0_86,fs,ff_mim,nom,nom,nom,nom,nom,nom,nom,nom,nom,nom,ss_res,nom,nom,nom,nom,nom,nom,nom,nom,nom,nom,stat_noise,nom,nom,nom,nom,nom,nom,nom,nom,nom,80,1.8,1.8,,1.424e9
C0_122,fs,ss_mim,nom,nom,nom,nom,nom,nom,nom,nom,nom,nom,ss_res,nom,nom,nom,nom,nom,nom,nom,nom,nom,nom,stat_noise,nom,nom,nom,nom,nom,nom,nom,nom,nom,80,1.8,1.8,,1.424e9
C0_89,fs,ff_mim,nom,nom,nom,nom,nom,nom,nom,nom,nom,nom,ss_res,nom,nom,nom,nom,nom,nom,nom,nom,nom,nom,stat_noise,nom,nom,nom,nom,nom,nom,nom,nom,nom,80,1.8,1.82,,1.439e9
C0_125,fs,ss_mim,nom,nom,nom,nom,nom,nom,nom,nom,nom,nom,ss_res,nom,nom,nom,nom,nom,nom,nom,nom,nom,nom,stat_noise,nom,nom,nom,nom,nom,nom,nom,nom,nom,80,1.8,1.82,,1.439e9
C0_20,sf,ff_mim,nom,nom,nom,nom,nom,nom,nom,nom,nom,nom,ff_res,nom,nom,nom,nom,nom,nom,nom,nom,nom,nom,stat_noise,nom,nom,nom,nom,nom,nom,nom,nom,nom,80,1.8,1.78,,1.439e9
C0_56,sf,ss_mim,nom,nom,nom,nom,nom,nom,nom,nom,nom,nom,ff_res,nom,nom,nom,nom,nom,nom,nom,nom,nom,nom,stat_noise,nom,nom,nom,nom,nom,nom,nom,nom,nom,80,1.8,1.78,,1.439e9
C0_11,fs,ff_mim,nom,nom,nom,nom,nom,nom,nom,nom,nom,nom,ff_res,nom,nom,nom,nom,nom,nom,nom,nom,nom,nom,stat_noise,nom,nom,nom,nom,nom,nom,nom,nom,nom,80,1.8,1.78,,1.448e9
C0_47,fs,ss_mim,nom,nom,nom,nom,nom,nom,nom,nom,nom,nom,ff_res,nom,nom,nom,nom,nom,nom,nom,nom,nom,nom,stat_noise,nom,nom,nom,nom,nom,nom,nom,nom,nom,80,1.8,1.78,,1.448e9
C0_23,sf,ff_mim,nom,nom,nom,nom,nom,nom,nom,nom,nom,nom,ff_res,nom,nom,nom,nom,nom,nom,nom,nom,nom,nom,stat_noise,nom,nom,nom,nom,nom,nom,nom,nom,nom,80,1.8,1.8,,1.452e9
C0_59,sf,ss_mim,nom,nom,nom,nom,nom,nom,nom,nom,nom,nom,ff_res,nom,nom,nom,nom,nom,nom,nom,nom,nom,nom,stat_noise,nom,nom,nom,nom,nom,nom,nom,nom,nom,80,1.8,1.8,,1.452e9
C0_14,fs,ff_mim,nom,nom,nom,nom,nom,nom,nom,nom,nom,nom,ff_res,nom,nom,nom,nom,nom,nom,nom,nom,nom,nom,stat_noise,nom,nom,nom,nom,nom,nom,nom,nom,nom,80,1.8,1.8,,1.464e9
C0_50,fs,ss_mim,nom,nom,nom,nom,nom,nom,nom,nom,nom,nom,ff_res,nom,nom,nom,nom,nom,nom,nom,nom,nom,nom,stat_noise,nom,nom,nom,nom,nom,nom,nom,nom,nom,80,1.8,1.8,,1.464e9
C0_26,sf,ff_mim,nom,nom,nom,nom,nom,nom,nom,nom,nom,nom,ff_res,nom,nom,nom,nom,nom,nom,nom,nom,nom,nom,stat_noise,nom,nom,nom,nom,nom,nom,nom,nom,nom,80,1.8,1.82,,1.465e9
C0_62,sf,ss_mim,nom,nom,nom,nom,nom,nom,nom,nom,nom,nom,ff_res,nom,nom,nom,nom,nom,nom,nom,nom,nom,nom,stat_noise,nom,nom,nom,nom,nom,nom,nom,nom,nom,80,1.8,1.82,,1.465e9
C0_17,fs,ff_mim,nom,nom,nom,nom,nom,nom,nom,nom,nom,nom,ff_res,nom,nom,nom,nom,nom,nom,nom,nom,nom,nom,stat_noise,nom,nom,nom,nom,nom,nom,nom,nom,nom,80,1.8,1.82,,1.479e9
C0_53,fs,ss_mim,nom,nom,nom,nom,nom,nom,nom,nom,nom,nom,ff_res,nom,nom,nom,nom,nom,nom,nom,nom,nom,nom,stat_noise,nom,nom,nom,nom,nom,nom,nom,nom,nom,80,1.8,1.82,,1.479e9
C0_91,sf,ff_mim,nom,nom,nom,nom,nom,nom,nom,nom,nom,nom,ss_res,nom,nom,nom,nom,nom,nom,nom,nom,nom,nom,stat_noise,nom,nom,nom,nom,nom,nom,nom,nom,nom,25,1.8,1.78,,1.499e9
C0_127,sf,ss_mim,nom,nom,nom,nom,nom,nom,nom,nom,nom,nom,ss_res,nom,nom,nom,nom,nom,nom,nom,nom,nom,nom,stat_noise,nom,nom,nom,nom,nom,nom,nom,nom,nom,25,1.8,1.78,,1.499e9
C0_82,fs,ff_mim,nom,nom,nom,nom,nom,nom,nom,nom,nom,nom,ss_res,nom,nom,nom,nom,nom,nom,nom,nom,nom,nom,stat_noise,nom,nom,nom,nom,nom,nom,nom,nom,nom,25,1.8,1.78,,1.507e9
C0_118,fs,ss_mim,nom,nom,nom,nom,nom,nom,nom,nom,nom,nom,ss_res,nom,nom,nom,nom,nom,nom,nom,nom,nom,nom,stat_noise,nom,nom,nom,nom,nom,nom,nom,nom,nom,25,1.8,1.78,,1.507e9
C0_94,sf,ff_mim,nom,nom,nom,nom,nom,nom,nom,nom,nom,nom,ss_res,nom,nom,nom,nom,nom,nom,nom,nom,nom,nom,stat_noise,nom,nom,nom,nom,nom,nom,nom,nom,nom,25,1.8,1.8,,1.514e9
C0_130,sf,ss_mim,nom,nom,nom,nom,nom,nom,nom,nom,nom,nom,ss_res,nom,nom,nom,nom,nom,nom,nom,nom,nom,nom,stat_noise,nom,nom,nom,nom,nom,nom,nom,nom,nom,25,1.8,1.8,,1.514e9
C0_85,fs,ff_mim,nom,nom,nom,nom,nom,nom,nom,nom,nom,nom,ss_res,nom,nom,nom,nom,nom,nom,nom,nom,nom,nom,stat_noise,nom,nom,nom,nom,nom,nom,nom,nom,nom,25,1.8,1.8,,1.525e9
C0_121,fs,ss_mim,nom,nom,nom,nom,nom,nom,nom,nom,nom,nom,ss_res,nom,nom,nom,nom,nom,nom,nom,nom,nom,nom,stat_noise,nom,nom,nom,nom,nom,nom,nom,nom,nom,25,1.8,1.8,,1.525e9
C0_97,sf,ff_mim,nom,nom,nom,nom,nom,nom,nom,nom,nom,nom,ss_res,nom,nom,nom,nom,nom,nom,nom,nom,nom,nom,stat_noise,nom,nom,nom,nom,nom,nom,nom,nom,nom,25,1.8,1.82,,1.527e9
C0_133,sf,ss_mim,nom,nom,nom,nom,nom,nom,nom,nom,nom,nom,ss_res,nom,nom,nom,nom,nom,nom,nom,nom,nom,nom,stat_noise,nom,nom,nom,nom,nom,nom,nom,nom,nom,25,1.8,1.82,,1.527e9
C0_88,fs,ff_mim,nom,nom,nom,nom,nom,nom,nom,nom,nom,nom,ss_res,nom,nom,nom,nom,nom,nom,nom,nom,nom,nom,stat_noise,nom,nom,nom,nom,nom,nom,nom,nom,nom,25,1.8,1.82,,1.542e9
C0_124,fs,ss_mim,nom,nom,nom,nom,nom,nom,nom,nom,nom,nom,ss_res,nom,nom,nom,nom,nom,nom,nom,nom,nom,nom,stat_noise,nom,nom,nom,nom,nom,nom,nom,nom,nom,25,1.8,1.82,,1.542e9
C0_90,sf,ff_mim,nom,nom,nom,nom,nom,nom,nom,nom,nom,nom,ss_res,nom,nom,nom,nom,nom,nom,nom,nom,nom,nom,stat_noise,nom,nom,nom,nom,nom,nom,nom,nom,nom,0,1.8,1.78,,1.545e9
C0_126,sf,ss_mim,nom,nom,nom,nom,nom,nom,nom,nom,nom,nom,ss_res,nom,nom,nom,nom,nom,nom,nom,nom,nom,nom,stat_noise,nom,nom,nom,nom,nom,nom,nom,nom,nom,0,1.8,1.78,,1.545e9
C0_81,fs,ff_mim,nom,nom,nom,nom,nom,nom,nom,nom,nom,nom,ss_res,nom,nom,nom,nom,nom,nom,nom,nom,nom,nom,stat_noise,nom,nom,nom,nom,nom,nom,nom,nom,nom,0,1.8,1.78,,1.547e9
C0_117,fs,ss_mim,nom,nom,nom,nom,nom,nom,nom,nom,nom,nom,ss_res,nom,nom,nom,nom,nom,nom,nom,nom,nom,nom,stat_noise,nom,nom,nom,nom,nom,nom,nom,nom,nom,0,1.8,1.78,,1.547e9
C0_19,sf,ff_mim,nom,nom,nom,nom,nom,nom,nom,nom,nom,nom,ff_res,nom,nom,nom,nom,nom,nom,nom,nom,nom,nom,stat_noise,nom,nom,nom,nom,nom,nom,nom,nom,nom,25,1.8,1.78,,1.554e9
C0_55,sf,ss_mim,nom,nom,nom,nom,nom,nom,nom,nom,nom,nom,ff_res,nom,nom,nom,nom,nom,nom,nom,nom,nom,nom,stat_noise,nom,nom,nom,nom,nom,nom,nom,nom,nom,25,1.8,1.78,,1.554e9
C0_93,sf,ff_mim,nom,nom,nom,nom,nom,nom,nom,nom,nom,nom,ss_res,nom,nom,nom,nom,nom,nom,nom,nom,nom,nom,stat_noise,nom,nom,nom,nom,nom,nom,nom,nom,nom,0,1.8,1.8,,1.561e9
C0_129,sf,ss_mim,nom,nom,nom,nom,nom,nom,nom,nom,nom,nom,ss_res,nom,nom,nom,nom,nom,nom,nom,nom,nom,nom,stat_noise,nom,nom,nom,nom,nom,nom,nom,nom,nom,0,1.8,1.8,,1.561e9
C0_10,fs,ff_mim,nom,nom,nom,nom,nom,nom,nom,nom,nom,nom,ff_res,nom,nom,nom,nom,nom,nom,nom,nom,nom,nom,stat_noise,nom,nom,nom,nom,nom,nom,nom,nom,nom,25,1.8,1.78,,1.561e9
C0_46,fs,ss_mim,nom,nom,nom,nom,nom,nom,nom,nom,nom,nom,ff_res,nom,nom,nom,nom,nom,nom,nom,nom,nom,nom,stat_noise,nom,nom,nom,nom,nom,nom,nom,nom,nom,25,1.8,1.78,,1.561e9
C0_84,fs,ff_mim,nom,nom,nom,nom,nom,nom,nom,nom,nom,nom,ss_res,nom,nom,nom,nom,nom,nom,nom,nom,nom,nom,stat_noise,nom,nom,nom,nom,nom,nom,nom,nom,nom,0,1.8,1.8,,1.566e9
C0_120,fs,ss_mim,nom,nom,nom,nom,nom,nom,nom,nom,nom,nom,ss_res,nom,nom,nom,nom,nom,nom,nom,nom,nom,nom,stat_noise,nom,nom,nom,nom,nom,nom,nom,nom,nom,0,1.8,1.8,,1.566e9
C0_22,sf,ff_mim,nom,nom,nom,nom,nom,nom,nom,nom,nom,nom,ff_res,nom,nom,nom,nom,nom,nom,nom,nom,nom,nom,stat_noise,nom,nom,nom,nom,nom,nom,nom,nom,nom,25,1.8,1.8,,1.57e9
C0_58,sf,ss_mim,nom,nom,nom,nom,nom,nom,nom,nom,nom,nom,ff_res,nom,nom,nom,nom,nom,nom,nom,nom,nom,nom,stat_noise,nom,nom,nom,nom,nom,nom,nom,nom,nom,25,1.8,1.8,,1.57e9
C0_96,sf,ff_mim,nom,nom,nom,nom,nom,nom,nom,nom,nom,nom,ss_res,nom,nom,nom,nom,nom,nom,nom,nom,nom,nom,stat_noise,nom,nom,nom,nom,nom,nom,nom,nom,nom,0,1.8,1.82,,1.575e9
C0_132,sf,ss_mim,nom,nom,nom,nom,nom,nom,nom,nom,nom,nom,ss_res,nom,nom,nom,nom,nom,nom,nom,nom,nom,nom,stat_noise,nom,nom,nom,nom,nom,nom,nom,nom,nom,0,1.8,1.82,,1.575e9
C0_13,fs,ff_mim,nom,nom,nom,nom,nom,nom,nom,nom,nom,nom,ff_res,nom,nom,nom,nom,nom,nom,nom,nom,nom,nom,stat_noise,nom,nom,nom,nom,nom,nom,nom,nom,nom,25,1.8,1.8,,1.579e9
C0_49,fs,ss_mim,nom,nom,nom,nom,nom,nom,nom,nom,nom,nom,ff_res,nom,nom,nom,nom,nom,nom,nom,nom,nom,nom,stat_noise,nom,nom,nom,nom,nom,nom,nom,nom,nom,25,1.8,1.8,,1.579e9
C0_87,fs,ff_mim,nom,nom,nom,nom,nom,nom,nom,nom,nom,nom,ss_res,nom,nom,nom,nom,nom,nom,nom,nom,nom,nom,stat_noise,nom,nom,nom,nom,nom,nom,nom,nom,nom,0,1.8,1.82,,1.585e9
C0_123,fs,ss_mim,nom,nom,nom,nom,nom,nom,nom,nom,nom,nom,ss_res,nom,nom,nom,nom,nom,nom,nom,nom,nom,nom,stat_noise,nom,nom,nom,nom,nom,nom,nom,nom,nom,0,1.8,1.82,,1.585e9
C0_25,sf,ff_mim,nom,nom,nom,nom,nom,nom,nom,nom,nom,nom,ff_res,nom,nom,nom,nom,nom,nom,nom,nom,nom,nom,stat_noise,nom,nom,nom,nom,nom,nom,nom,nom,nom,25,1.8,1.82,,1.585e9
C0_61,sf,ss_mim,nom,nom,nom,nom,nom,nom,nom,nom,nom,nom,ff_res,nom,nom,nom,nom,nom,nom,nom,nom,nom,nom,stat_noise,nom,nom,nom,nom,nom,nom,nom,nom,nom,25,1.8,1.82,,1.585e9
C0_16,fs,ff_mim,nom,nom,nom,nom,nom,nom,nom,nom,nom,nom,ff_res,nom,nom,nom,nom,nom,nom,nom,nom,nom,nom,stat_noise,nom,nom,nom,nom,nom,nom,nom,nom,nom,25,1.8,1.82,,1.598e9
C0_52,fs,ss_mim,nom,nom,nom,nom,nom,nom,nom,nom,nom,nom,ff_res,nom,nom,nom,nom,nom,nom,nom,nom,nom,nom,stat_noise,nom,nom,nom,nom,nom,nom,nom,nom,nom,25,1.8,1.82,,1.598e9
C0_18,sf,ff_mim,nom,nom,nom,nom,nom,nom,nom,nom,nom,nom,ff_res,nom,nom,nom,nom,nom,nom,nom,nom,nom,nom,stat_noise,nom,nom,nom,nom,nom,nom,nom,nom,nom,0,1.8,1.78,,1.608e9
C0_54,sf,ss_mim,nom,nom,nom,nom,nom,nom,nom,nom,nom,nom,ff_res,nom,nom,nom,nom,nom,nom,nom,nom,nom,nom,stat_noise,nom,nom,nom,nom,nom,nom,nom,nom,nom,0,1.8,1.78,,1.608e9
C0_9,fs,ff_mim,nom,nom,nom,nom,nom,nom,nom,nom,nom,nom,ff_res,nom,nom,nom,nom,nom,nom,nom,nom,nom,nom,stat_noise,nom,nom,nom,nom,nom,nom,nom,nom,nom,0,1.8,1.78,,1.612e9
C0_45,fs,ss_mim,nom,nom,nom,nom,nom,nom,nom,nom,nom,nom,ff_res,nom,nom,nom,nom,nom,nom,nom,nom,nom,nom,stat_noise,nom,nom,nom,nom,nom,nom,nom,nom,nom,0,1.8,1.78,,1.612e9
C0_21,sf,ff_mim,nom,nom,nom,nom,nom,nom,nom,nom,nom,nom,ff_res,nom,nom,nom,nom,nom,nom,nom,nom,nom,nom,stat_noise,nom,nom,nom,nom,nom,nom,nom,nom,nom,0,1.8,1.8,,1.625e9
C0_57,sf,ss_mim,nom,nom,nom,nom,nom,nom,nom,nom,nom,nom,ff_res,nom,nom,nom,nom,nom,nom,nom,nom,nom,nom,stat_noise,nom,nom,nom,nom,nom,nom,nom,nom,nom,0,1.8,1.8,,1.625e9
C0_12,fs,ff_mim,nom,nom,nom,nom,nom,nom,nom,nom,nom,nom,ff_res,nom,nom,nom,nom,nom,nom,nom,nom,nom,nom,stat_noise,nom,nom,nom,nom,nom,nom,nom,nom,nom,0,1.8,1.8,,1.632e9
C0_48,fs,ss_mim,nom,nom,nom,nom,nom,nom,nom,nom,nom,nom,ff_res,nom,nom,nom,nom,nom,nom,nom,nom,nom,nom,stat_noise,nom,nom,nom,nom,nom,nom,nom,nom,nom,0,1.8,1.8,,1.632e9
C0_24,sf,ff_mim,nom,nom,nom,nom,nom,nom,nom,nom,nom,nom,ff_res,nom,nom,nom,nom,nom,nom,nom,nom,nom,nom,stat_noise,nom,nom,nom,nom,nom,nom,nom,nom,nom,0,1.8,1.82,,1.641e9
C0_60,sf,ss_mim,nom,nom,nom,nom,nom,nom,nom,nom,nom,nom,ff_res,nom,nom,nom,nom,nom,nom,nom,nom,nom,nom,stat_noise,nom,nom,nom,nom,nom,nom,nom,nom,nom,0,1.8,1.82,,1.641e9
C0_15,fs,ff_mim,nom,nom,nom,nom,nom,nom,nom,nom,nom,nom,ff_res,nom,nom,nom,nom,nom,nom,nom,nom,nom,nom,stat_noise,nom,nom,nom,nom,nom,nom,nom,nom,nom,0,1.8,1.82,,1.652e9
C0_51,fs,ss_mim,nom,nom,nom,nom,nom,nom,nom,nom,nom,nom,ff_res,nom,nom,nom,nom,nom,nom,nom,nom,nom,nom,stat_noise,nom,nom,nom,nom,nom,nom,nom,nom,nom,0,1.8,1.82,,1.652e9
C0_74,ff,ff_mim,nom,nom,nom,nom,nom,nom,nom,nom,nom,nom,ss_res,nom,nom,nom,nom,nom,nom,nom,nom,nom,nom,stat_noise,nom,nom,nom,nom,nom,nom,nom,nom,nom,80,1.8,1.78,,1.654e9
C0_110,ff,ss_mim,nom,nom,nom,nom,nom,nom,nom,nom,nom,nom,ss_res,nom,nom,nom,nom,nom,nom,nom,nom,nom,nom,stat_noise,nom,nom,nom,nom,nom,nom,nom,nom,nom,80,1.8,1.78,,1.654e9
C0_77,ff,ff_mim,nom,nom,nom,nom,nom,nom,nom,nom,nom,nom,ss_res,nom,nom,nom,nom,nom,nom,nom,nom,nom,nom,stat_noise,nom,nom,nom,nom,nom,nom,nom,nom,nom,80,1.8,1.8,,1.667e9
C0_113,ff,ss_mim,nom,nom,nom,nom,nom,nom,nom,nom,nom,nom,ss_res,nom,nom,nom,nom,nom,nom,nom,nom,nom,nom,stat_noise,nom,nom,nom,nom,nom,nom,nom,nom,nom,80,1.8,1.8,,1.667e9
C0_80,ff,ff_mim,nom,nom,nom,nom,nom,nom,nom,nom,nom,nom,ss_res,nom,nom,nom,nom,nom,nom,nom,nom,nom,nom,stat_noise,nom,nom,nom,nom,nom,nom,nom,nom,nom,80,1.8,1.82,,1.677e9
C0_116,ff,ss_mim,nom,nom,nom,nom,nom,nom,nom,nom,nom,nom,ss_res,nom,nom,nom,nom,nom,nom,nom,nom,nom,nom,stat_noise,nom,nom,nom,nom,nom,nom,nom,nom,nom,80,1.8,1.82,,1.677e9
C0_2,ff,ff_mim,nom,nom,nom,nom,nom,nom,nom,nom,nom,nom,ff_res,nom,nom,nom,nom,nom,nom,nom,nom,nom,nom,stat_noise,nom,nom,nom,nom,nom,nom,nom,nom,nom,80,1.8,1.78,,1.732e9
C0_38,ff,ss_mim,nom,nom,nom,nom,nom,nom,nom,nom,nom,nom,ff_res,nom,nom,nom,nom,nom,nom,nom,nom,nom,nom,stat_noise,nom,nom,nom,nom,nom,nom,nom,nom,nom,80,1.8,1.78,,1.732e9
C0_5,ff,ff_mim,nom,nom,nom,nom,nom,nom,nom,nom,nom,nom,ff_res,nom,nom,nom,nom,nom,nom,nom,nom,nom,nom,stat_noise,nom,nom,nom,nom,nom,nom,nom,nom,nom,80,1.8,1.8,,1.748e9
C0_41,ff,ss_mim,nom,nom,nom,nom,nom,nom,nom,nom,nom,nom,ff_res,nom,nom,nom,nom,nom,nom,nom,nom,nom,nom,stat_noise,nom,nom,nom,nom,nom,nom,nom,nom,nom,80,1.8,1.8,,1.748e9
C0_8,ff,ff_mim,nom,nom,nom,nom,nom,nom,nom,nom,nom,nom,ff_res,nom,nom,nom,nom,nom,nom,nom,nom,nom,nom,stat_noise,nom,nom,nom,nom,nom,nom,nom,nom,nom,80,1.8,1.82,,1.762e9
C0_44,ff,ss_mim,nom,nom,nom,nom,nom,nom,nom,nom,nom,nom,ff_res,nom,nom,nom,nom,nom,nom,nom,nom,nom,nom,stat_noise,nom,nom,nom,nom,nom,nom,nom,nom,nom,80,1.8,1.82,,1.762e9
C0_73,ff,ff_mim,nom,nom,nom,nom,nom,nom,nom,nom,nom,nom,ss_res,nom,nom,nom,nom,nom,nom,nom,nom,nom,nom,stat_noise,nom,nom,nom,nom,nom,nom,nom,nom,nom,25,1.8,1.78,,1.773e9
C0_109,ff,ss_mim,nom,nom,nom,nom,nom,nom,nom,nom,nom,nom,ss_res,nom,nom,nom,nom,nom,nom,nom,nom,nom,nom,stat_noise,nom,nom,nom,nom,nom,nom,nom,nom,nom,25,1.8,1.78,,1.773e9
C0_76,ff,ff_mim,nom,nom,nom,nom,nom,nom,nom,nom,nom,nom,ss_res,nom,nom,nom,nom,nom,nom,nom,nom,nom,nom,stat_noise,nom,nom,nom,nom,nom,nom,nom,nom,nom,25,1.8,1.8,,1.782e9
C0_112,ff,ss_mim,nom,nom,nom,nom,nom,nom,nom,nom,nom,nom,ss_res,nom,nom,nom,nom,nom,nom,nom,nom,nom,nom,stat_noise,nom,nom,nom,nom,nom,nom,nom,nom,nom,25,1.8,1.8,,1.782e9
C0_79,ff,ff_mim,nom,nom,nom,nom,nom,nom,nom,nom,nom,nom,ss_res,nom,nom,nom,nom,nom,nom,nom,nom,nom,nom,stat_noise,nom,nom,nom,nom,nom,nom,nom,nom,nom,25,1.8,1.82,,1.789e9
C0_115,ff,ss_mim,nom,nom,nom,nom,nom,nom,nom,nom,nom,nom,ss_res,nom,nom,nom,nom,nom,nom,nom,nom,nom,nom,stat_noise,nom,nom,nom,nom,nom,nom,nom,nom,nom,25,1.8,1.82,,1.789e9
C0_72,ff,ff_mim,nom,nom,nom,nom,nom,nom,nom,nom,nom,nom,ss_res,nom,nom,nom,nom,nom,nom,nom,nom,nom,nom,stat_noise,nom,nom,nom,nom,nom,nom,nom,nom,nom,0,1.8,1.78,,1.832e9
C0_108,ff,ss_mim,nom,nom,nom,nom,nom,nom,nom,nom,nom,nom,ss_res,nom,nom,nom,nom,nom,nom,nom,nom,nom,nom,stat_noise,nom,nom,nom,nom,nom,nom,nom,nom,nom,0,1.8,1.78,,1.832e9
C0_1,ff,ff_mim,nom,nom,nom,nom,nom,nom,nom,nom,nom,nom,ff_res,nom,nom,nom,nom,nom,nom,nom,nom,nom,nom,stat_noise,nom,nom,nom,nom,nom,nom,nom,nom,nom,25,1.8,1.78,,1.84e9
C0_37,ff,ss_mim,nom,nom,nom,nom,nom,nom,nom,nom,nom,nom,ff_res,nom,nom,nom,nom,nom,nom,nom,nom,nom,nom,stat_noise,nom,nom,nom,nom,nom,nom,nom,nom,nom,25,1.8,1.78,,1.84e9
C0_75,ff,ff_mim,nom,nom,nom,nom,nom,nom,nom,nom,nom,nom,ss_res,nom,nom,nom,nom,nom,nom,nom,nom,nom,nom,stat_noise,nom,nom,nom,nom,nom,nom,nom,nom,nom,0,1.8,1.8,,1.844e9
C0_111,ff,ss_mim,nom,nom,nom,nom,nom,nom,nom,nom,nom,nom,ss_res,nom,nom,nom,nom,nom,nom,nom,nom,nom,nom,stat_noise,nom,nom,nom,nom,nom,nom,nom,nom,nom,0,1.8,1.8,,1.844e9
C0_4,ff,ff_mim,nom,nom,nom,nom,nom,nom,nom,nom,nom,nom,ff_res,nom,nom,nom,nom,nom,nom,nom,nom,nom,nom,stat_noise,nom,nom,nom,nom,nom,nom,nom,nom,nom,25,1.8,1.8,,1.853e9
C0_40,ff,ss_mim,nom,nom,nom,nom,nom,nom,nom,nom,nom,nom,ff_res,nom,nom,nom,nom,nom,nom,nom,nom,nom,nom,stat_noise,nom,nom,nom,nom,nom,nom,nom,nom,nom,25,1.8,1.8,,1.853e9
C0_78,ff,ff_mim,nom,nom,nom,nom,nom,nom,nom,nom,nom,nom,ss_res,nom,nom,nom,nom,nom,nom,nom,nom,nom,nom,stat_noise,nom,nom,nom,nom,nom,nom,nom,nom,nom,0,1.8,1.82,,1.853e9
C0_114,ff,ss_mim,nom,nom,nom,nom,nom,nom,nom,nom,nom,nom,ss_res,nom,nom,nom,nom,nom,nom,nom,nom,nom,nom,stat_noise,nom,nom,nom,nom,nom,nom,nom,nom,nom,0,1.8,1.82,,1.853e9
C0_7,ff,ff_mim,nom,nom,nom,nom,nom,nom,nom,nom,nom,nom,ff_res,nom,nom,nom,nom,nom,nom,nom,nom,nom,nom,stat_noise,nom,nom,nom,nom,nom,nom,nom,nom,nom,25,1.8,1.82,,1.865e9
C0_43,ff,ss_mim,nom,nom,nom,nom,nom,nom,nom,nom,nom,nom,ff_res,nom,nom,nom,nom,nom,nom,nom,nom,nom,nom,stat_noise,nom,nom,nom,nom,nom,nom,nom,nom,nom,25,1.8,1.82,,1.865e9
C0_0,ff,ff_mim,nom,nom,nom,nom,nom,nom,nom,nom,nom,nom,ff_res,nom,nom,nom,nom,nom,nom,nom,nom,nom,nom,stat_noise,nom,nom,nom,nom,nom,nom,nom,nom,nom,0,1.8,1.78,,1.91e9
C0_36,ff,ss_mim,nom,nom,nom,nom,nom,nom,nom,nom,nom,nom,ff_res,nom,nom,nom,nom,nom,nom,nom,nom,nom,nom,stat_noise,nom,nom,nom,nom,nom,nom,nom,nom,nom,0,1.8,1.78,,1.91e9
C0_3,ff,ff_mim,nom,nom,nom,nom,nom,nom,nom,nom,nom,nom,ff_res,nom,nom,nom,nom,nom,nom,nom,nom,nom,nom,stat_noise,nom,nom,nom,nom,nom,nom,nom,nom,nom,0,1.8,1.8,,1.924e9
C0_39,ff,ss_mim,nom,nom,nom,nom,nom,nom,nom,nom,nom,nom,ff_res,nom,nom,nom,nom,nom,nom,nom,nom,nom,nom,stat_noise,nom,nom,nom,nom,nom,nom,nom,nom,nom,0,1.8,1.8,,1.924e9
C0_6,ff,ff_mim,nom,nom,nom,nom,nom,nom,nom,nom,nom,nom,ff_res,nom,nom,nom,nom,nom,nom,nom,nom,nom,nom,stat_noise,nom,nom,nom,nom,nom,nom,nom,nom,nom,0,1.8,1.82,,1.936e9
C0_42,ff,ss_mim,nom,nom,nom,nom,nom,nom,nom,nom,nom,nom,ff_res,nom,nom,nom,nom,nom,nom,nom,nom,nom,nom,stat_noise,nom,nom,nom,nom,nom,nom,nom,nom,nom,0,1.8,1.82,,1.936e9

